index,name,mobile,email
1,priyanshi,7845121254,priyanshi1
2,priyanshi,7845121255,priyanshi2
3,priyanshi,7845121256,priyanshi3
4,priyanshi,7845121257,priyanshi4
5,priyanshi,7845121258,priyanshi5
6,priyanshi,,priyanshi6
7,priyanshi,7845121260,priyanshi7
8,priyanshi,7845121261,priyanshi8
9,priyanshi,7845121262,priyanshi9
10,priyanshi,7845121263,priyanshi10
11,priyanshi,7845121264,priyanshi11
12,priyanshi,7845121265,priyanshi12
13,priyanshi,7845121266,priyanshi13
14,priyanshi,7845121267,priyanshi14
